Nom de ville,Adresse mail mairie,Département
ACQUEVILLE,mairie.acqueville@wanadoo.fr,MANCHE
AGNEAUX,mairie.agneaux@wanadoo.fr,MANCHE
AGON COUTAINVILLE,mairie.agoncoutainville@fr.oleane.com,MANCHE
AIREL,mairie.airel@wanadoo.fr,MANCHE
AMFREVILLE,amfreville.mairie@mediamanche.com,MANCHE
AMIGNY,amigny.mairie@wanadoo.fr,MANCHE
ANCTEVILLE,mairie.ancteville@wanadoo.fr,MANCHE
ANCTOVILLE SUR BOSCQ,mairie.anctovillesurboscq@wanadoo.fr,MANCHE
ANGEY,mairie.angey@wanadoo.fr,MANCHE
ANGOVILLE AU PLAIN,,MANCHE
ANGOVILLE SUR AY,mairie.angovillesuray@wanadoo.fr,MANCHE
ANNEVILLE EN SAIRE,anneville-en-saire@wanadoo.fr,MANCHE
ANNEVILLE SUR MER,anneville.mairie@wanadoo.fr,MANCHE
ANNOVILLE,mairie.annoville@wanadoo.fr,MANCHE
APPEVILLE,mairie.appeville@wanadoo.fr,MANCHE
ARGOUGES,mairie-argouges@wanadoo.fr,MANCHE
AUCEY LA PLAINE,mairie.aucey@wanadoo.fr,MANCHE
AUDERVILLE,mairie.auderville@sfr.fr,MANCHE
AUDOUVILLE LA HUBERT,mairie.audouville-la-hubert@aliceadsl.fr,MANCHE
AUMEVILLE LESTRE,,MANCHE
AUVERS,auvers.mairie@wanadoo.fr,MANCHE
AUXAIS,auxais.mairie@wanadoo.fr,MANCHE
AVRANCHES,mairie@avranches.fr,MANCHE
AZEVILLE,,MANCHE
BACILLY,mairie.bacilly@wanadoo.fr,MANCHE
BARENTON,mairie.barenton@wanadoo.fr,MANCHE
BARFLEUR,barfleur.VV@wanadoo.fr,MANCHE
BARNEVILLE CARTERET,contact@mairie-barneville-carteret.fr,MANCHE
BAUBIGNY,mairie.baubigny50@orange.fr,MANCHE
BAUDRE,mairie-baudre@wanadoo.fr,MANCHE
BAUDREVILLE,mairie.baudreville@wanadoo.fr,MANCHE
BAUPTE,mairie.baupte@wanadoo.fr,MANCHE
BEAUCHAMPS,communedebeauchamps@orange.fr,MANCHE
BEAUCOUDRAY,com.beaucoudray@wanadoo.fr,MANCHE
BEAUFICEL,mairie@beauficel.org,MANCHE
BEAUMONT HAGUE,mairiebeaumonthague@wanadoo.fr,MANCHE
BEAUVOIR,beauvoir.mairie@wanadoo.fr,MANCHE
BELLEFONTAINE,mairie.bellefontaine@wanadoo.fr,MANCHE
BELVAL,mairie.belval@wanadoo.fr,MANCHE
BENOITVILLE,mairie.benoistville@wanadoo.fr,MANCHE
BERIGNY,berigny@wanadoo.fr,MANCHE
BESLON,mairie.beslon@wanadoo.fr,MANCHE
BESNEVILLE,mairie.besneville@orange.fr,MANCHE
BEUVRIGNY,mairie.beuvrigny@wanadoo.fr,MANCHE
BEUZEVILLE AU PLAIN,,MANCHE
BEUZEVILLE LA BASTILLE,beuzeville-la-bastille@wanadoo.fr,MANCHE
BIEVILLE,,MANCHE
BINIVILLE,mairie.biniville@orange.fr,MANCHE
BION,mairie.bion702@orange.fr,MANCHE
BIVILLE,mairie.biville@wanadoo.fr,MANCHE
BLAINVILLE SUR MER,mairie.blainvillesurmer@wanadoo.fr,MANCHE
BLOSVILLE,mairie.blosville@hotmail.fr,MANCHE
BOISROGER,mairie.boisroger@wanadoo.fr,MANCHE
BOISYVON,,MANCHE
BOLLEVILLE,mairie.bolleville@wanadoo.fr,MANCHE
BOURGUENOLLES,mairie-bourguenolles@wanadoo.fr,MANCHE
BOUTTEVILLE,mairie.boutteville@orange.fr,MANCHE
BRAFFAIS,mairie.braffais@wanadoo.fr,MANCHE
BRAINVILLE,,MANCHE
BRANVILLE HAGUE,mairie@branville-hague.fr,MANCHE
BRECEY,mairie@brecey.fr,MANCHE
BRECTOUVILLE,mairie.brectouville@wanadoo.fr,MANCHE
BREHAL,mairie@ville-brehal.fr,MANCHE
BRETTEVILLE EN SAIRE,mairie.brettevilleensaire@orange.fr,MANCHE
BRETTEVILLE SUR AY,mairiedebrettevillesuray@wanadoo.fr,MANCHE
BREUVILLE,mairiebreuville@wanadoo.fr,MANCHE
BREVANDS,mairie.brevands@wanadoo.fr,MANCHE
BREVILLE SUR MER,mairie.breville@wanadoo.fr,MANCHE
BRICQUEBEC,mairie.bricquebec@wanadoo.fr,MANCHE
BRICQUEBOSQ,mairie.bricqueboscq@wanadoo.fr,MANCHE
BRICQUEVILLE LA BLOUETTE,,MANCHE
BRICQUEVILLE SUR MER,mairie.bricqueville-sur-mer@wanadoo.fr,MANCHE
BRILLEVAST,mairie.brillevast@orange.fr,MANCHE
BRIX,mairie@ville-brix.fr,MANCHE
BROUAINS,mairie.brouains@wanadoo.fr,MANCHE
BRUCHEVILLE,mairie.brucheville@orange.fr,MANCHE
BUAIS,mairie.buais@wanadoo.fr,MANCHE
CAMBERNON,mairie.cambernon@wanadoo.fr,MANCHE
CAMETOURS,mairie.cametours@wanadoo.fr,MANCHE
CAMPROND,mairie.camprond@wanadoo.fr,MANCHE
CANISY,mairie.canisy@wanadoo.fr,MANCHE
CANTELOUP,mairie.canteloup@orange.fr,MANCHE
CANVILLE LA ROCQUE,mairie.canvillelarocque@wanadoo.fr,MANCHE
CARANTILLY,mairie-de-carantilly@wanadoo.fr,MANCHE
CARENTAN,mairie@ville-carentan.fr,MANCHE
CARNET,carnet-mairie@wanadoo.fr,MANCHE
CARNEVILLE,mairie.carneville@orange.fr,MANCHE
CAROLLES,mairie.carolles@wanadoo.fr,MANCHE
CARQUEBUT,mairie-carquebut@wanadoo.fr,MANCHE
CATTEVILLE,ma.cattevill@west-telecom.com,MANCHE
CATZ,mairie.catz@wanadoo.fr,MANCHE
CAVIGNY,mairie.cavigny@wanadoo.fr,MANCHE
CEAUX,mairie.ceaux@wanadoo.fr,MANCHE
CERENCES,mairie.cerences@orange.fr,MANCHE
CERISY LA FORET,mairie.cerisy.la.foret@orange.fr,MANCHE
CERISY LA SALLE,mairie.cerisylasalle@wanadoo.fr,MANCHE
CHAMPCERVON,mairie.champcervon@wanadoo.fr,MANCHE
CHAMPCEY,mairie.champcey@wanadoo.fr,MANCHE
CHAMPEAUX,mairie-de-champeaux@wanadoo.fr,MANCHE
CHAMPREPUS,mairie-de-champrepus@wanadoo.fr,MANCHE
CHANTELOUP,mairiechanteloup@wanadoo.fr,MANCHE
CHASSEGUEY,mairie.chasseguey@orange.fr,MANCHE
CHAULIEU,mairie.chaulieu@sourdeval.net,MANCHE
CHAVOY,,MANCHE
CHEF DU PONT,mairie-chefdupont@wanadoo.fr,MANCHE
CHERBOURG OCTEVILLE,mairie@ville-cherbourg.fr,MANCHE
CHERENCE LE HERON,mairie.cherenceleheron@wanadoo.fr,MANCHE
CHERENCE LE ROUSSEL,mairiecherenceleroussel@orange.fr,MANCHE
CHEVREVILLE,mairie.chevreville038@orange.fr,MANCHE
CHEVRY,mairie@chevry-cossigny.fr,MANCHE
CLITOURPS,mairie-clitourps@wanadoo.fr,MANCHE
COIGNY,mairie.coigny@orange.fr,MANCHE
COLOMBY,mairiedecolomby@wanadoo.fr,MANCHE
CONDE SUR VIRE,mairie.conde@wanadoo.fr,MANCHE
CONTRIERES,mairie.de.contrieres@wanadoo.fr,MANCHE
COSQUEVILLE,cosqueville.mairie@wanadoo.fr,MANCHE
COUDEVILLE SUR MER,mairie.coudevillesurmer@wanadoo.fr,MANCHE
COULOUVRAY BOISBENATRE,mairiecoulouvrayboisbenatre@wanadoo.fr,MANCHE
COURCY,communecourcy@orange.fr,MANCHE
COURTILS,mairie.courtils@wanadoo.fr,MANCHE
COUTANCES,mairie.de.coutances@wanadoo.fr,MANCHE
COUVAINS,mairie.couvains@wanadoo.fr,MANCHE
COUVILLE,mairie.couville@wanadoo.fr,MANCHE
CRASVILLE,,MANCHE
CREANCES,mairiedecreances@orange.fr,MANCHE
CRETTEVILLE,mairie.cretteville@orange.fr,MANCHE
CROLLON,mairie-crollon@wanadoo.fr,MANCHE
CROSVILLE SUR DOUVE,crosvillesurdouve@wanadoo.fr,MANCHE
CUVES,mairie.cuves@wanadoo.fr,MANCHE
DANGY,,MANCHE
DENNEVILLE,mairie.denneville@wanadoo.fr,MANCHE
DIGOSVILLE,mairie.digosville@wanadoo.fr,MANCHE
DIGULLEVILLE,mairiedigulleville@west-telecom.com,MANCHE
DOMJEAN,mairiede-domjean@wanadoo.fr,MANCHE
DONVILLE LES BAINS,mairie.donville.les.bains@wanadoo.fr,MANCHE
DOVILLE,mairie.doville@wanadoo.fr,MANCHE
DRAGEY RONTHON,mairie-dragey-ronthon@wanadoo.fr,MANCHE
DUCEY,sg.ducey@wanadoo.fr,MANCHE
ECAUSSEVILLE,mairie-ecoqueneauville@wanadoo.fr,MANCHE
ECOQUENEAUVILLE,mairie-ecoqueneauville@wanadoo.fr,MANCHE
ECULLEVILLE,,MANCHE
EMONDEVILLE,mairie.emondeville@wanadoo.fr,MANCHE
EQUEURDREVILLE HAINNEVILLE,communication@mairie-equeurdreville.fr,MANCHE
EQUILLY,mairie.equilly@wanadoo.fr,MANCHE
EROUDEVILLE,,MANCHE
ETIENVILLE,mairie.etienville@wanadoo.fr,MANCHE
FERMANVILLE,mairie.fermanville@wanadoo.fr,MANCHE
FERRIERES,commune-ferrieres@wanadoo.fr,MANCHE
FERVACHES,com.fervaches@wanadoo.fr,MANCHE
FEUGERES,mairie.feugeres@wanadoo.fr,MANCHE
FIERVILLE LES MINES,mairie.fierville-les-mines@wanadoo.fr,MANCHE
FLAMANVILLE,mairie@flamanville.fr,MANCHE
FLEURY,mairie.fleury2@wanadoo.fr,MANCHE
FLOTTEMANVILLE,,MANCHE
FLOTTEMANVILLE HAGUE,mairie.flottemanville-hague@orange.fr,MANCHE
FOLLIGNY,commune.folligny@wanadoo.fr,MANCHE
FONTENAY,mairie.fontenay@wanadoo.fr,MANCHE
FONTENAY SUR MER,,MANCHE
FOUCARVILLE,beauvais@wanadoo.fr,MANCHE
FOURNEAUX,mairiefourneaux@orange.fr,MANCHE
FRESVILLE,mairie.fresville@wanadoo.fr,MANCHE
GATHEMO,,MANCHE
GATTEVILLE LE PHARE,mairie.gattevillephare@orange.fr,MANCHE
GAVRAY,mairie@gavray.net,MANCHE
GEFFOSSES,mairie-geffosses@orange.fr,MANCHE
GENETS,mairie-genets@wanadoo.fr,MANCHE
GER,mairieger@wanadoo.fr,MANCHE
GIEVILLE,mairiedegieville@wanadoo.fr,MANCHE
GLATIGNY,commune-de-glatigny@wanadoo.fr,MANCHE
GOLLEVILLE,,MANCHE
GONFREVILLE,mairie.gonfreville@orange.fr,MANCHE
GONNEVILLE,gonneville.mairie@wanadoo.fr,MANCHE
GORGES,gorges.mairie@wanadoo.fr,MANCHE
GOUBERVILLE,,MANCHE
GOURBESVILLE,mairie.gourbesville@aliceadsl.fr,MANCHE
GOURFALEUR,mairiedegourfaleur@laposte.net,MANCHE
GOUVETS,gouvets@free.fr,MANCHE
GOUVILLE SUR MER,mairie-de-gouville@wanadoo.fr,MANCHE
GRAIGNES MESNIL ANGOT,mairie.graignes@wanadoo.fr,MANCHE
GRANVILLE,,MANCHE
GRATOT,mairie.gratot@wanadoo.fr,MANCHE
GREVILLE HAGUE,mairie.greville-hague@wanadoo.fr,MANCHE
GRIMESNIL,,MANCHE
GROSVILLE,mairie.grosville@wanadoo.fr,MANCHE
GUEHEBERT,guehebert.mairie@wanadoo.fr,MANCHE
GUILBERVILLE,mairie.guilberville@wanadoo.fr,MANCHE
HAMBYE,mairie.hambye@wanadoo.fr,MANCHE
HAMELIN,mairie-hamelin@orange.fr,MANCHE
HARDINVAST,mairie.hardinvast@wanadoo.fr,MANCHE
HAUTEVILLE LA GUICHARD,mairie.hauteville.la-guichard@wanadoo.fr,MANCHE
HAUTEVILLE SUR MER,mairie.hautevillesurmer@wanadoo.fr,MANCHE
HAUTTEVILLE BOCAGE,mairie-hautteville.bocage@wanadoo.fr,MANCHE
HEAUVILLE,mairie-heauville@orange.fr,MANCHE
HEBECREVON,mairie-hebecrevon@wanadoo.fr,MANCHE
HELLEVILLE,mairie.helleville@wanadoo.fr,MANCHE
HEMEVEZ,,MANCHE
HERENGUERVILLE,mairie-herenguerville@wanadoo.fr,MANCHE
HERQUEVILLE,,MANCHE
HEUGUEVILLE SUR SIENNE,mairie.heuguevillesursienne@mediamanche.com,MANCHE
HEUSSE,commune-heusse@wanadoo.fr,MANCHE
HIESVILLE,,MANCHE
HOCQUIGNY,mairie.hocquigny@wanadoo.fr,MANCHE
HOUESVILLE,mairie.houesville@wanadoo.fr,MANCHE
HOUTTEVILLE,commune.houtteville@wanadoo.fr,MANCHE
HUBERVILLE,mairie.huberville@wanadoo.fr,MANCHE
HUDIMESNIL,mairie.hudimesnil@wanadoo.fr,MANCHE
HUISNES SUR MER,huisnes.sur.mer@wanadoo.fr,MANCHE
HUSSON,,MANCHE
HYENVILLE,mairie.hyenville@wanadoo.fr,MANCHE
ISIGNY LE BUAT,mairie@isigny-le-buat.com,MANCHE
AIGUINES,mairie.d.aiguines@wanadoo.fr,VAR
AMPUS,ampus@mairie-ampus.fr,VAR
ARTIGNOSC SUR VERDON,mairie-artignosc@wanadoo.fr,VAR
ARTIGUES,mairieartigues@wanadoo.fr,VAR
AUPS,aups.mairie@wanadoo.fr,VAR
BAGNOLS EN FORET,mairie@bagnolsenforet.fr,VAR
BANDOL,secretariat.general@bandol.org,VAR
BARGEME,bargeme.commune@orange.fr,VAR
BARGEMON,mairie.bargemon@wanadoo.fr,VAR
BARJOLS,commune.barjols@wanadoo.fr,VAR
BAUDINARD SUR VERDON,baudinard@wanadoo.fr,VAR
BAUDUEN,amenagement.terr@wanadoo.fr,VAR
BELGENTIER,mairie.belgentier@wanadoo.fr,VAR
BESSE SUR ISSOLE,mairie.besse@wanadoo.fr,VAR
BORMES LES MIMOSAS,contact@ville-bormes.fr,VAR
BRAS,mairie.bras@wanadoo.fr,VAR
BRENON,mairiebrenon@wanadoo.fr,VAR
BRIGNOLES,contact@brignoles.fr,VAR
BRUE AURIAC,mairie.brue-auriac@wanadoo.fr,VAR
CABASSE,accueil@mairie-cabasse.fr,VAR
CALLAS,callas.mairie@wanadoo.fr,VAR
CALLIAN,contact@callian.fr,VAR
CAMPS LA SOURCE,Mairie.Camps.La.Source@wanadoo.fr,VAR
CARCES,accueil@mairie-carces.fr,VAR
CARNOULES,mairie.de.carnoules@wanadoo.fr,VAR
CARQUEIRANNE,monsieurlemaire@carqueiranne.fr,VAR
CAVALAIRE SUR MER,cabinet.du.maire@cavalaire.fr,VAR
CHATEAUDOUBLE,chateaudouble@wanadoo.fr,VAR
CHATEAUVERT,mairie@chateauvert.fr,VAR
CHATEAUVIEUX,chateauvieux3@wanadoo.fr,VAR
CLAVIERS,mairie.claviers@wanadoo.fr,VAR
COGOLIN,mairie@cogolin.fr,VAR
COLLOBRIERES,mairie-de-collobrieres1@wanadoo.fr,VAR
COMPS SUR ARTUBY,mairie.compsurartuby@wanadoo.fr,VAR
CORRENS,mairie@correns.fr,VAR
COTIGNAC,mairie.cotignac@wanadoo.fr,VAR
CUERS,tbiancherin@ville-de-cuers.com,VAR
DRAGUIGNAN,mairie@ville-draguignan.fr,VAR
ENTRECASTEAUX,dentrecasteaux.mairie@wanadoo.fr,VAR
ESPARRON,esparron.de.pallieres@wanadoo.fr,VAR
EVENOS,mairie.evenos@wanadoo.fr,VAR
FAYENCE,mairie-fayence@wanadoo.fr,VAR
FIGANIERES,figanieres@wanadoo.fr,VAR
FLASSANS SUR ISSOLE,mairie.flassans.sur.issole@wanadoo.fr,VAR
FLAYOSC,accueil@ville-flayosc.fr,VAR
FORCALQUEIRET,accueil@mairie-forcalqueiret.net,VAR
FOX AMPHOUX,mairie.fox@wanadoo.fr,VAR
FREJUS,info@ville-frejus.fr,VAR
GAREOULT,mairie@ville-gareoult.fr,VAR
GASSIN,secretariat@mairie-gassin.fr,VAR
GINASSERVIS,mairie@ginasservis.fr,VAR
GONFARON,mairie-gonfaron@wanadoo.fr,VAR
GRIMAUD,,VAR
HYERES,contact@jacquespoliti.fr,VAR
LA BASTIDE,mairie.labastide0779@orange.fr,VAR
LA CADIERE D AZUR,secretariat@lacadieredazur.com,VAR
LA CELLE,mairie.la.celle@wanadoo.fr,VAR
LA CRAU,mairie@villedelacrau.fr,VAR
LA CROIX VALMER,contact@lacroixvalmer.fr,VAR
LA FARLEDE,mairie@lafarlede.fr,VAR
LA GARDE,contact-mairie@ville-lagarde.fr,VAR
LA GARDE FREINET,maire@lagardefreinet.fr,VAR
LA LONDE LES MAURES,contact@lalondelesmaures.fr,VAR
LA MARTRE,mairie-lamartre@orange.fr,VAR
LA MOLE,la.mole.mairie@wanadoo.fr,VAR
LA MOTTE,secretaire-general@ville-la-motte.com,VAR
LA ROQUEBRUSSANNE,mairie@laroquebrussanne.fr,VAR
LA ROQUE ESCLAPON,mairie.laroque-esclapon@orange.fr,VAR
LA SEYNE SUR MER,courrier@la-seyne.com,VAR
LA VALETTE DU VAR,philippe.huc-andre@lavalette83.fr,VAR
LA VERDIERE,mairiedelaverdiere@wanadoo.fr,VAR
LE BEAUSSET,cabinetdumaire@ville-lebeausset.fr,VAR
LE BOURGUET,commune.lebourguet@nordnet.fr,VAR
LE CANNET DES MAURES,accueil@lecannetdesmaures.com,VAR
LE CASTELLET,dgs@ville-lecastellet.fr,VAR
LE LAVANDOU,mairie@le-lavandou.fr,VAR
LE LUC,,VAR
LE MUY,info@ville-lemuy.fr,VAR
LE PRADET,accueil@le-pradet.fr,VAR
LE REVEST LES EAUX,contactmairie@lerevest83.fr,VAR
LES ADRETS DE L ESTEREL,accueil@mairie-adrets-esterel.fr,VAR
LES ARCS,lesarcs.mairie@wanadoo.fr,VAR
LES MAYONS,mairielesmayons@wanadoo.fr,VAR
LES SALLES SUR VERDON,mairielessalles@hotmail.fr,VAR
LE THORONET,mairie-le-thoronet@wanadoo.fr,VAR
LE VAL,contact@mairie-leval.fr,VAR
LORGUES,,VAR
MAZAUGUES,mairie.mazaugues@wanadoo.fr,VAR
MEOUNES LES MONTRIEUX,mairie@meounes.com,VAR
MOISSAC BELLEVUE,mairiemoissac83@wanadoo.fr,VAR
MONS,mairie-mons83@wanadoo.fr,VAR
MONTAUROUX,mairie@montauroux.com,VAR
MONTFERRAT,mairie-montferrat@wanadoo.fr,VAR
MONTFORT SUR ARGENS,montfort.sur.argens.mairie@wanadoo.fr,VAR
MONTMEYAN,mairie.montmeyan@wanadoo.fr,VAR
NANS LES PINS,elus@mairie-nanslespins.fr,VAR
NEOULES,mairie.neoules@wanadoo.fr,VAR
OLLIERES,mairie@ollieres.fr,VAR
OLLIOULES,mairie.d-ollioules@wanadoo.fr,VAR
PIERREFEU DU VAR,maire@pierrefeu-du-var.fr,VAR
PIGNANS,ville-de-pignans@wanadoo.fr,VAR
PLAN D AUPS SAINTE BAUME,mairie.plan-d-aups83@wanadoo.fr,VAR
PLAN DE LA TOUR,mairie@plandelatour.net,VAR
PONTEVES,courrier@mairie-ponteves.fr,VAR
POURCIEUX,mairie.pourcieux@wanadoo.fr,VAR
POURRIERES,pourrieres@pourrieres.fr,VAR
PUGET SUR ARGENS,contact@pugetsurargens.fr,VAR
PUGET VILLE,mairie@puget-ville.org,VAR
RAMATUELLE,mairie.ramatuelle@wanadoo.fr,VAR
RAYOL CANADEL SUR MER,mairie-du-rayol@wanadoo.fr,VAR
REGUSSE,mairie.regusse@wanadoo.fr,VAR
RIANS,secretariatmairieriansvar@orange.fr,VAR
RIBOUX,mairieriboux@wanadoo.fr,VAR
ROCBARON,rocbaron.maire@wanadoo.fr,VAR
ROQUEBRUNE SUR ARGENS,mairie@ville-roquebrune-argens.fr,VAR
ROUGIERS,mairie.de-rougiers@wanadoo.fr,VAR
SAINT ANTONIN DU VAR,saint.antonin.mairie@orange.fr,VAR
SAINT CYR SUR MER,mairie@saintcyrsurmer.fr,VAR
SAINTE ANASTASIE SUR ISSOLE,s.anastasie@wanadoo.fr,VAR
SAINTE MAXIME,mairie@ste-maxime.fr,VAR
SAINT JULIEN LE MONTAGNIER,mairie.stjulien@orange.fr,VAR
SAINT MANDRIER SUR MER,info@ville-saintmandrier.fr,VAR
SAINT MARTIN DE PALLIERES,mairie-stmartindepallieres@wanadoo.fr,VAR
SAINT MAXIMIN LA SAINTE BAUME,mairie@st-maximin.fr,VAR
SAINT PAUL EN FORET,mairie.saintpaulenforet@orange.fr,VAR
SAINT RAPHAEL,webmaster@ville-saintraphael.fr,VAR
SAINT TROPEZ,communication@ville-sainttropez.fr,VAR
SAINT ZACHARIE,cabinetdumaire@commune-saint-zacharie.fr,VAR
SALERNES,mairie@ville-salernes.fr,VAR
SANARY SUR MER,mairie-sanary-sur-mer@wanadoo.fr,VAR
SEILLANS,mairie.de.seillans@wanadoo.fr,VAR
SEILLONS SOURCE D ARGENS,mairie.seillons@wanadoo.fr,VAR
SIGNES,mairie@signes.com,VAR
SILLANS LA CASCADE,mairie.sillans-la-cascade@wanadoo.fr,VAR
SIX FOURS LES PLAGES,,VAR
SOLLIES PONT,mairie@ville-sollies-pont.fr,VAR
SOLLIES TOUCAS,stoucas.mairie@wanadoo.fr,VAR
SOLLIES VILLE,mairie.solliesville@wanadoo.fr,VAR
TANNERON,,VAR
TARADEAU,mairie.taradeau@wanadoo.fr,VAR
TAVERNES,mairiedetavernes@wanadoo.fr,VAR
TOULON,contact@mairie-toulon.fr,VAR
TOURRETTES,mairie@mairie-tourrettes-83.fr,VAR
TOURTOUR,accueil@mairietourtour.com,VAR
TOURVES,mairie.tourves@wanadoo.fr,VAR
TRANS EN PROVENCE,accueil@transenprovence-mairie.fr,VAR
TRIGANCE,mairie.de.trigance@mcom.fr,VAR
VARAGES,mairie.varages@wanadoo.fr,VAR
VERIGNON,mairie.verignon@nordnet.fr,VAR
VIDAUBAN,vidauban-mairie@wanadoo.fr,VAR
VILLECROZE,accueil@mairie-villecroze.com,VAR
VINON SUR VERDON,vinon.sur.verdon@wanadoo.fr,VAR
VINS SUR CARAMY,mairie.vins.sur.caramy@wanadoo.fr,VAR
ALLAIRE,allaire.mairie@wanadoo.fr,MORBIHAN
AMBON,mairie-ambon@wanadoo.fr,MORBIHAN
ARRADON,mairie.maire@arradon.com,MORBIHAN
ARZAL,mairie-arzal@wanadoo.fr,MORBIHAN
ARZON,mairie@arzon.fr,MORBIHAN
AUGAN,mairie.augan@wanadoo.fr,MORBIHAN
AURAY,courrier.mairie@ville-auray.fr,MORBIHAN
BADEN,mairie@baden.fr,MORBIHAN
BANGOR,mairie.bangor@wanadoo.fr,MORBIHAN
BAUD,,MORBIHAN
BEGANNE,mairie.beganne@wanadoo.fr,MORBIHAN
BEIGNON,mairie.beignon@wanadoo.fr,MORBIHAN
BELZ,contact@ria-etel.com,MORBIHAN
BERNE,mairie.berne@wanadoo.fr,MORBIHAN
BERRIC,mairie.berric@wanadoo.fr,MORBIHAN
BIEUZY,bieuzy2@wanadoo.fr,MORBIHAN
BIGNAN,mairie-de-bignan@wanadoo.fr,MORBIHAN
BILLIERS,mairiedebilliers@wanadoo.fr,MORBIHAN
BILLIO,mairie.billio@wanadoo.fr,MORBIHAN
BOHAL,mairie.bohal@wanadoo.fr,MORBIHAN
BRANDERION,mairie-de-branderion@wanadoo.fr,MORBIHAN
BRANDIVY,mairie-de-brandivy@wanadoo.fr,MORBIHAN
BRECH,accueil@brech.fr,MORBIHAN
BREHAN,brehan.mairie@wanadoo.fr,MORBIHAN
BRIGNAC,mairie.brignac@wanadoo.fr,MORBIHAN
BUBRY,mairie.bubry@wanadoo.fr,MORBIHAN
BULEON,mairie.buleon@wanadoo.fr,MORBIHAN
CADEN,mairie.caden@wanadoo.fr,MORBIHAN
CALAN,mairiecalan@wanadoo.fr,MORBIHAN
CAMOEL,mairie.camoel@wanadoo.fr,MORBIHAN
CAMORS,commune.de.camors@wanadoo.fr,MORBIHAN
CAMPENEAC,mairiecampeneac@wanadoo.fr,MORBIHAN
CARENTOIR,mairie.carentoir@wanadoo.fr,MORBIHAN
CARNAC,communication@carnac.fr,MORBIHAN
CARO,mairie.caro@wanadoo.fr,MORBIHAN
CAUDAN,mairie-caudan@wanadoo.fr,MORBIHAN
CLEGUER,commune-cleguer@wanadoo.fr,MORBIHAN
CLEGUEREC,mairie.cleguerec@wanadoo.fr,MORBIHAN
COLPO,mairie@colpo.fr,MORBIHAN
CONCORET,mairie-concoret@wanadoo.fr,MORBIHAN
COURNON,mairiedecournon@wanadoo.fr,MORBIHAN
CRACH,info@ville-crach.com,MORBIHAN
CREDIN,mairie.credin@wanadoo.fr,MORBIHAN
CROIXANVEC,mairie.croixanvec@orange.fr,MORBIHAN
CRUGUEL,mairie.cruguel@orange.fr,MORBIHAN
DAMGAN,mairie.damgan@wanadoo.fr,MORBIHAN
ELVEN,elven@mairie-elven.fr,MORBIHAN
ERDEVEN,mairieerdeven@wanadoo.fr,MORBIHAN
ETEL,mairie-etel@fr.oleane.com,MORBIHAN
EVRIGUET,mairie.evriguet@wanadoo.fr,MORBIHAN
FEREL,mairie-de-ferel@wanadoo.fr,MORBIHAN
GAVRES,mairie.gavres@orange.fr,MORBIHAN
GESTEL,mairie.gestel@wanadoo.fr,MORBIHAN
GLENAC,mairie.glenac@wanadoo.fr,MORBIHAN
GOURHEL,mairie-gourhel@wanadoo.fr,MORBIHAN
GOURIN,mairie@villedegourin.fr,MORBIHAN
GRAND CHAMP,mairie@grandchamp.fr,MORBIHAN
GROIX,sg@groix.fr,MORBIHAN
GUEGON,mairieguegon@wanadoo.fr,MORBIHAN
GUEHENNO,mairieguehenno@wanadoo.fr,MORBIHAN
GUELTAS,mairie-gueltas@wanadoo.fr,MORBIHAN
GUEMENE SUR SCORFF,mairieguemene.surscorff@wanadoo.fr,MORBIHAN
GUENIN,commune-de-guenin@wanadoo.fr,MORBIHAN
GUER,mairie-guer@fr.oleane.com,MORBIHAN
GUERN,guern@wanadoo.fr,MORBIHAN
GUIDEL,maire@mairie-guidel.fr,MORBIHAN
GUILLAC,mairieguillac@orange.fr,MORBIHAN
GUILLIERS,mairieguilliers2@orange.fr,MORBIHAN
GUISCRIFF,mairie.guiscriff@wanadoo.fr,MORBIHAN
HELLEAN,mairie.hellean@laposte.net,MORBIHAN
HENNEBONT,cabinetmaire@mairie-hennebont.fr,MORBIHAN
ILE AUX MOINES,mairie@ileauxmoines.fr,MORBIHAN
ILE D ARZ,secretariat@mairie-iledarz.fr,MORBIHAN
ILE D HOEDIC,mairie-dhoedic@wanadoo.fr,MORBIHAN
ILE D HOUAT,mairie-houat@wanadoo.fr,MORBIHAN
INGUINIEL,mairie.inguiniel@wanadoo.fr,MORBIHAN
INZINZAC LOCHRIST,mairie.inzinzac@wanadoo.fr,MORBIHAN
JOSSELIN,mairie@josselin.com,MORBIHAN
KERFOURN,mairie.kerfourn@orange.fr,MORBIHAN
KERGRIST,mairie-kergrist@wanadoo.fr,MORBIHAN
KERNASCLEDEN,mairie.kernascleden@wanadoo.fr,MORBIHAN
KERVIGNAC,mairie@kervignac.com,MORBIHAN
LA CHAPELLE CARO,mairie.la-chapelle-caro@wanadoo.fr,MORBIHAN
LA CHAPELLE GACELINE,mairie-la-chapelle-gaceline@wanadoo.fr,MORBIHAN
LA CHAPELLE NEUVE,mairie.la.chapelle.neuve@wanadoo.fr,MORBIHAN
LA CROIX HELLEAN,croixhellean.mairie@orange.fr,MORBIHAN
LA GACILLY,mairie.lagacilly@wanadoo.fr,MORBIHAN
LA GREE SAINT LAURENT,mairielagreestlaurent@wanadoo.fr,MORBIHAN
LANDAUL,cyber-landaul@wanadoo.fr,MORBIHAN
LANDEVANT,commune.landevant@wanadoo.fr,MORBIHAN
LANESTER,communication@ville-lanester.fr,MORBIHAN
LANGOELAN,langoelan.Mairie@wanadoo.fr,MORBIHAN
LANGONNET,mairie.langonnet@wanadoo.fr,MORBIHAN
LANGUIDIC,mairie@languidic.fr,MORBIHAN
LANOUEE,mairie.lanouee@wanadoo.fr,MORBIHAN
LANTILLAC,commune-de-lantillac@wanadoo.fr,MORBIHAN
LANVAUDAN,mairie.lanvaudan@wanadoo.fr,MORBIHAN
LANVENEGEN,mairie.lanvenegen@wanadoo.fr,MORBIHAN
LARMOR BADEN,mairie.larmorbaden@wanadoo.fr,MORBIHAN
LARMOR PLAGE,mairie@larmor-plage.com,MORBIHAN
LA ROCHE BERNARD,mairie-lrb@wanadoo.fr,MORBIHAN
LARRE,mairielarre@wanadoo.fr,MORBIHAN
LA TRINITE PORHOET,mairie.trinite.porh@wanadoo.fr,MORBIHAN
LA TRINITE SUR MER,accueil@latrinitesurmer.fr,MORBIHAN
LA TRINITE SURZUR,trinite-surzur@wanadoo.fr,MORBIHAN
LAUZACH,mairie.lauzach@wanadoo.fr,MORBIHAN
LA VRAIE CROIX,lavraie-croix.mairie@wanadoo.fr,MORBIHAN
LE BONO,accueil@lebono.fr,MORBIHAN
LE COURS,mairie.lecours@wanadoo.fr,MORBIHAN
LE CROISTY,mairie-le-croisty@wanadoo.fr,MORBIHAN
LE FAOUET,droual-marc@ville-le-faouet.fr,MORBIHAN
LE GUERNO,mairie.leguerno@wanadoo.fr,MORBIHAN
LE HEZO,mairie.hezo@wanadoo.fr,MORBIHAN
LE PALAIS,mairie.palais@wanadoo.fr,MORBIHAN
LE ROC SAINT ANDRE,mairie.roc@wanadoo.fr,MORBIHAN
LE SAINT,mairie.le.saint@wanadoo.fr,MORBIHAN
LES FORGES,mairiedesforges@wanadoo.fr,MORBIHAN
LES FOUGERETS,mairie.fougerets@wanadoo.fr,MORBIHAN
LE SOURN,mairie.lesourn@wanadoo.fr,MORBIHAN
LE TOUR DU PARC,mairie.letourduparc@wanadoo.fr,MORBIHAN
LIGNOL,mairie.lignol@wanadoo.fr,MORBIHAN
LIMERZEL,mairie.limerzel@wanadoo.fr,MORBIHAN
LIZIO,mairie-lizio@orange.fr,MORBIHAN
LOCMALO,mairie.locmalo@wanadoo.fr,MORBIHAN
LOCMARIA BELLE ILE,locmaria-belle-ile@wanadoo.fr,MORBIHAN
LOCMARIA GRAND CHAMP,mairie.locmaria.gd.ch@wanadoo.fr,MORBIHAN
LOCMARIAQUER,accueil@locmariaquer.fr,MORBIHAN
LOCMINE,locmine.ville@wanadoo.fr,MORBIHAN
LOCMIQUELIC,mairie-de-locmiquelic@megalis.org,MORBIHAN
LOCOAL MENDON,mairie.locoalmendon@wanadoo.fr,MORBIHAN
LOCQUELTAS,mairie.locqueltas@wanadoo.fr,MORBIHAN
LORIENT,contact@mairie-lorient.fr,MORBIHAN
LOYAT,loyat@wanadoo.fr,MORBIHAN
MALANSAC,mairie.malansac@wanadoo.fr,MORBIHAN
MALESTROIT,mairie@malestroit.fr,MORBIHAN
MALGUENAC,mairie.malguenac@wanadoo.fr,MORBIHAN
MARZAN,mairie-de-marzan@wanadoo.fr,MORBIHAN
MAURON,mairie-mauron@wanadoo.fr,MORBIHAN
MELRAND,commune-de-melrand@wanadoo.fr,MORBIHAN
MENEAC,mairie.meneac@wanadoo.fr,MORBIHAN
MERLEVENEZ,mairiemerlevenez@wanadoo.fr,MORBIHAN
MESLAN,mairie.meslan@wanadoo.fr,MORBIHAN
MEUCON,mairie.meucon@wanadoo.fr,MORBIHAN
MISSIRIAC,mairie.missiriac@wanadoo.fr,MORBIHAN
MOHON,mairie.mohon@wanadoo.fr,MORBIHAN
MOLAC,commune.molac@wanadoo.fr,MORBIHAN
MONTENEUF,mairiemonteneuf@wanadoo.fr,MORBIHAN
MONTERBLANC,mairie@mairie-monterblanc.fr,MORBIHAN
MONTERREIN,mairie.monterrein@orange.fr,MORBIHAN
MONTERTELOT,mairie.montertelot@ploermel.com,MORBIHAN
MOREAC,mairie.moreac@wanadoo.fr,MORBIHAN
MOUSTOIR AC,commune.de.moustoir@wanadoo.fr,MORBIHAN
MOUSTOIR REMUNGOL,mairiemrgol@wanadoo.fr,MORBIHAN
MUZILLAC,mairie.muzillac@wanadoo.fr,MORBIHAN
NAIZIN,mairie-de-naizin@wanadoo.fr,MORBIHAN
NEANT SUR YVEL,mairie-neant-sur-yvel@wanadoo.fr,MORBIHAN
NEULLIAC,mairie.neulliac.secretariat@wanadoo.fr,MORBIHAN
NIVILLAC,mairie-nivillac@wanadoo.fr,MORBIHAN
NOSTANG,mairie.nostang@wanadoo.fr,MORBIHAN
NOYAL MUZILLAC,mairienoyalmuzillac@wanadoo.fr,MORBIHAN
NOYALO,mairie.noyalo@wanadoo.fr,MORBIHAN
NOYAL PONTIVY,mairie@noyal-pontivy.fr,MORBIHAN
PEAULE,mairiepeaule@wanadoo.fr,MORBIHAN
PEILLAC,mairie.de.peillac@wanadoo.fr,MORBIHAN
PENESTIN,mairie.penestin@wanadoo.fr,MORBIHAN
PERSQUEN,mairie.persquen@wanadoo.fr,MORBIHAN
PLAUDREN,mairie.plaudren@wanadoo.fr,MORBIHAN
PLESCOP,accueil@mairie-plescop.fr,MORBIHAN
PLEUCADEUC,accueil@pleucadeuc.fr,MORBIHAN
PLEUGRIFFET,mairie.pleugriffet@wanadoo.fr,MORBIHAN
PLOEMEL,mairie.ploemel@wanadoo.fr,MORBIHAN
PLOEMEUR,mairie@ploemeur.net,MORBIHAN
PLOERDUT,ploerdut.mairie@wanadoo.fr,MORBIHAN
PLOEREN,contact@ploeren.fr,MORBIHAN
PLOERMEL,mairie@ploermel.com,MORBIHAN
PLOUAY,mairie.de.plouay@wanadoo.fr,MORBIHAN
PLOUGOUMELEN,mairie.plougoumelen@wanadoo.fr,MORBIHAN
PLOUHARNEL,mairie@plouharnel.fr,MORBIHAN
PLOUHINEC,mairie.plouhinec56@wanadoo.fr,MORBIHAN
PLOURAY,mairie-de-plouray@wanadoo.fr,MORBIHAN
PLUHERLIN,pluherlin@wanadoo.fr,MORBIHAN
PLUMELEC,mairie.de.plumelec@wanadoo.fr,MORBIHAN
PLUMELIAU,mairie-de-plumeliau@wanadoo.fr,MORBIHAN
PLUMELIN,mairie.plumelin@wanadoo.fr,MORBIHAN
PLUMERGAT,mairie.plumergat@wanadoo.fr,MORBIHAN
PLUNERET,mairie.pluneret@wanadoo.fr,MORBIHAN
PLUVIGNER,mairie@pluvigner.fr,MORBIHAN
PONTIVY,secretariat.general@ville-pontivy.fr,MORBIHAN
PONT SCORFF,mairie.pontscorff@wanadoo.fr,MORBIHAN
PORCARO,mairie.porcaro@wanadoo.fr,MORBIHAN
PORT LOUIS,mairie.ville-portlouis@wanadoo.fr,MORBIHAN
PRIZIAC,mairie.priziac@wanadoo.fr,MORBIHAN
QUELNEUC,quelneuc@wanadoo.fr,MORBIHAN
QUESTEMBERT,secretariat.maire@mairie-questembert.fr,MORBIHAN
QUEVEN,contact@queven.com,MORBIHAN
QUIBERON,quiberon@ville-quiberon.fr,MORBIHAN
QUILY,mairie-quily@wanadoo.fr,MORBIHAN
QUISTINIC,mairie.quistinic@wanadoo.fr,MORBIHAN
RADENAC,cyber.radenac@wanadoo.fr,MORBIHAN
REGUINY,mairie.reguiny@wanadoo.fr,MORBIHAN
REMINIAC,mairie.reminiac@wanadoo.fr,MORBIHAN
REMUNGOL,mairie-remungol@orange.fr,MORBIHAN
RIANTEC,secretariatgeneral-mairie@riantec.com,MORBIHAN
RIEUX,mairiederieux@wanadoo.fr,MORBIHAN
ROCHEFORT EN TERRE,mairie.rochefort-en-terre@wanadoo.fr,MORBIHAN
ROHAN,mairie.rohan@wanadoo.fr,MORBIHAN
ROUDOUALLEC,mairie.roudouallec@wanadoo.fr,MORBIHAN
RUFFIAC,mairie-ruffiac@wanadoo.fr,MORBIHAN
SAINT ABRAHAM,mairie-saint-abraham@wanadoo.fr,MORBIHAN
SAINT AIGNAN,mairie@saint-aignan56.fr,MORBIHAN
SAINT ALLOUESTRE,mairie.stallouestre@wanadoo.fr,MORBIHAN
SAINT ARMEL,mairie.saint.armel@wanadoo.fr,MORBIHAN
SAINT AVE,mairie@saint-ave.fr,MORBIHAN
SAINT BARTHELEMY,commune-stbarthelemy@orange.fr,MORBIHAN
SAINT BRIEUC DE MAURON,mairie.saint.brieuc.de.mauron@orange.fr,MORBIHAN
SAINT CARADEC TREGOMEL,mairie-de-st-caradec-tregomel@wanadoo.fr,MORBIHAN
SAINT CONGARD,mairie-st-congard@wanadoo.fr,MORBIHAN
SAINT DOLAY,mairie.saint-dolay@wanadoo.fr,MORBIHAN
SAINTE ANNE D AURAY,contact@sainte-anne-auray.com,MORBIHAN
SAINTE BRIGITTE,commune.sainte-brigitte@wanadoo.fr,MORBIHAN
SAINTE HELENE,saint.helene.sur.mer@wanadoo.fr,MORBIHAN
SAINT GERAND,mairie.st-gerand@wanadoo.fr,MORBIHAN
SAINT GILDAS DE RHUYS,contact@saint-gildas-de-rhuys.fr,MORBIHAN
SAINT GONNERY,mairie.st.gonnery@wanadoo.fr,MORBIHAN
SAINT GORGON,mairie-st.gorgon@wanadoo.fr,MORBIHAN
SAINT GRAVE,mairie-st-grave@wanadoo.fr,MORBIHAN
SAINT GUYOMARD,mairie.st-guyomard@wanadoo.fr,MORBIHAN
SAINT JACUT LES PINS,mairie.stjacutlespins@wanadoo.fr,MORBIHAN
SAINT JEAN BREVELAY,mairie.stjeanbrevelay@wanadoo.fr,MORBIHAN
SAINT JEAN LA POTERIE,mairiestjeanpot@wanadoo.fr,MORBIHAN
SAINT LAURENT SUR OUST,st.laurent.mairie@wanadoo.fr,MORBIHAN
SAINT LERY,mairie.st.lery@wanadoo.fr,MORBIHAN
SAINT MALO DE BEIGNON,mairie.stmalodebeignon@wanadoo.fr,MORBIHAN
SAINT MALO DES TROIS FONTAINES,mairie.st-malo-des-trois-fontaines@wanadoo.fr,MORBIHAN
SAINT MARCEL,saintmarcel.mairie@wanadoo.fr,MORBIHAN
SAINT MARTIN,st-martin-oust@wanadoo.fr,MORBIHAN
SAINT NICOLAS DU TERTRE,mairie.st-nicolas-tertre@wanadoo.fr,MORBIHAN
SAINT NOLFF,mairie.st-nolff@pays-de-vannes.net,MORBIHAN
SAINT PERREUX,mairie-st-perreux@wanadoo.fr,MORBIHAN
SAINT PHILIBERT,mairie.saintphilibert@wanadoo.fr,MORBIHAN
SAINT PIERRE QUIBERON,mairie@saintpierrequiberon.net,MORBIHAN
SAINT SERVANT,mairie.st-servant-sur-oust@wanadoo.fr,MORBIHAN
SAINT THURIAU,mairie.saint.thuriau@wanadoo.fr,MORBIHAN
SAINT TUGDUAL,mairie.st-tugdual@wanadoo.fr,MORBIHAN
SAINT VINCENT SUR OUST,mairie.st.vincent.sur.oust@wanadoo.fr,MORBIHAN
SARZEAU,mairie@sarzeau.fr,MORBIHAN
SAUZON,mairiedesauzon@wanadoo.fr,MORBIHAN
SEGLIEN,mairie.seglien@wanadoo.fr,MORBIHAN
SENE,contact@sene.com,MORBIHAN
SERENT,mairie@serent.fr,MORBIHAN
SILFIAC,serge.moelo@wanadoo.fr,MORBIHAN
SULNIAC,accueil@mairie-sulniac.fr,MORBIHAN
SURZUR,mairie@surzur.fr,MORBIHAN
TAUPONT,mairie.taupont@wanadoo.fr,MORBIHAN
THEHILLAC,mairie.thehillac@wanadoo.fr,MORBIHAN
THEIX,secretariat@theix.fr,MORBIHAN
TREAL,mairie.treal@wanadoo.fr,MORBIHAN
TREDION,mairie.tredion@wanadoo.fr,MORBIHAN
TREFFLEAN,mairie@trefflean.com,MORBIHAN
TREHORENTEUC,mairie.trehorenteuc@wanadoo.fr,MORBIHAN
VANNES,contact@mairie-vannes.fr,MORBIHAN